{"cameraMode":{"drawMode":0,"name":"Shaded","section":"Shading Mode"},"sceneLighting":true,"audioPlay":false,"sceneViewState":{"m_AlwaysRefresh":false,"showFog":true,"showSkybox":true,"showFlares":true,"showImageEffects":true,"showParticleSystems":true,"showVisualEffectGraphs":true,"m_FxEnabled":true},"in2DMode":false,"pivot":{"x":0.25464534759521487,"y":0.544365406036377,"z":-45.187870025634769},"rotation":{"x":0.006900837644934654,"y":0.9918025135993958,"z":-0.11205068975687027,"w":0.06107432767748833},"size":3.3299577236175539,"orthographic":false}